,story,EnglishText,new_words,sequence_position
0,story_birthday_party_planning_mishap,He might offer to help with the work,0,0
1,story_birthday_party_planning_mishap,I know exactly what you're talking about,0,1
2,story_birthday_party_planning_mishap,"I suppose we should leave now, right?",0,2
3,story_birthday_party_planning_mishap,Let's call for help - the car broke down,0,3
4,story_birthday_party_planning_mishap,Please answer all questions honestly,0,4
5,story_birthday_party_planning_mishap,I'll definitely note your concerns about this.,0,5
6,story_birthday_party_planning_mishap,"Oh no, I dropped the glass and it broke!",0,6
7,story_birthday_party_planning_mishap,Aren't you enjoying our vacation by the sea?,0,7
8,story_birthday_party_planning_mishap,Don't forget to send the email before leaving work,0,8
9,story_birthday_party_planning_mishap,I'm expecting to graduate next spring,0,9
10,story_birthday_party_planning_mishap,Sometimes we just need to mind our own business,0,10
11,story_birthday_party_planning_mishap,We need to finish the project by Friday,0,11
12,story_birthday_party_planning_mishap,Did you remember to turn off the stove?,0,12
13,story_birthday_party_planning_mishap,Stand up straight when you give your speech,0,13
14,story_birthday_party_planning_mishap,I can't wait to see my daughter at the airport,0,14
15,story_birthday_party_planning_mishap,Don't you think it's a good idea?,0,15
16,story_birthday_party_planning_mishap,He realized his mistake too late,0,16
17,story_birthday_party_planning_mishap,Are you coming to her birthday party?,0,17
18,story_birthday_party_planning_mishap,The concert starts at eight o'clock,0,18
19,story_birthday_party_planning_mishap,Stop making excuses and let's start working,0,19
20,story_birthday_party_planning_mishap,Hurry up or we'll miss the train,0,20
21,story_birthday_party_planning_mishap,How did I miss noticing that huge fire?,0,21
22,story_birthday_party_planning_mishap,He's receiving an award for his work,0,22
23,story_birthday_party_planning_mishap,Pull the car over safely,0,23
24,story_birthday_party_planning_mishap,Shall we help with the cleanup?,0,24
25,story_birthday_party_planning_mishap,Shall we cook dinner together tonight?,0,25
26,story_birthday_party_planning_mishap,Shall we plan a surprise party for mom?,0,26
27,story_birthday_party_planning_mishap,I love cooking Italian food,0,27
28,story_birthday_party_planning_mishap,They kept cooking even in this terrible weather,0,28
29,story_birthday_party_planning_mishap,Who really knows what the future holds?,0,29
30,story_birthday_party_planning_mishap,Did they get into the site okay?,0,30
31,story_birthday_party_planning_mishap,Everyone seems to be stressed these days,0,31
32,story_birthday_party_planning_mishap,Have you noticed how many more participants there are now?,0,32
33,story_birthday_party_planning_mishap,Should we order takeout for dinner tonight?,0,33
34,story_birthday_party_planning_mishap,Are they out of their mind saying that?,0,34
35,story_birthday_party_planning_mishap,"Still, I think we should give it a try.",0,35
36,story_birthday_party_planning_mishap,I suggest we try the new restaurant,0,36
37,story_birthday_party_planning_mishap,I'm moving to a new apartment next month,0,37
38,story_birthday_party_planning_mishap,Have you already thought about this a lot?,0,38
39,story_birthday_party_planning_mishap,What will happen if we're late?,0,39
40,story_birthday_party_planning_mishap,Should we excuse ourselves from this boring party?,0,40
41,story_birthday_party_planning_mishap,"Yep, that sounds like a great plan to me.",0,41
42,story_birthday_party_planning_mishap,Would you like me to serve coffee to the guests?,0,42
43,story_birthday_party_planning_mishap,The firm's method is completely different than ours.,0,43
44,story_birthday_party_planning_mishap,"Hang the coat on the rack, thanks",0,44
45,story_birthday_party_planning_mishap,Add some salt to enhance the flavor,0,45
46,story_birthday_party_planning_mishap,This cake tastes absolutely delicious,0,46
47,story_birthday_party_planning_mishap,"Ok, let's review the list one more time.",0,47
48,story_birthday_party_planning_mishap,I hope to win the contract this week,0,48
49,story_birthday_party_planning_mishap,I'm sure our team will win tomorrow,0,49
50,story_birthday_party_planning_mishap,Do you believe in ghosts and supernatural phenomena?,0,50
51,story_birthday_party_planning_mishap,I just want to feel happy and content,0,51
52,story_birthday_party_planning_mishap,Let's go to bed early so we feel better tomorrow,0,52
53,story_birthday_party_planning_mishap,"Plenty of people have tried, but with little success.",0,53
54,story_birthday_party_planning_mishap,Could you fill in this form with your personal details?,0,54
55,story_birthday_party_planning_mishap,Is your brother really going to run towards hell?,0,55
56,story_birthday_party_planning_mishap,Look at that bird diving into the clear water!,0,56
57,story_community_park,Should we move to another location?,0,57
58,story_community_park,Guess what? They're moving to a different city,0,58
59,story_community_park,"I'm sorry, but that's simply not good enough.",0,59
60,story_community_park,Even a low rate is better than nothing.,0,60
61,story_community_park,We have to reach an agreement by tomorrow,0,61
62,story_community_park,Don't forget to bring your own food to the picnic,0,62
63,story_community_park,Thank you so much for your kind gesture,0,63
64,story_community_park,Can you believe they won the game against all odds?,0,64
65,story_community_park,Shouldn't we spend more time with family?,0,65
66,story_community_park,Which job offer should I choose?,0,66
67,story_community_park,"Whatever happens, we'll face it together, my son.",0,67
68,story_community_park,Remember when we met at the coffee shop last week?,0,68
69,story_community_park,Let's meet at the usual place tonight,0,69
70,story_community_park,Don't tell anyone about this - it's absolutely secret!,0,70
71,story_community_park,Is this space wide enough for us?,0,71
72,story_community_park,I like to listen to music while working out,0,72
73,story_community_park,She might forget to bring her lunch today,0,73
74,story_community_park,Don't forget to check your emails in the morning,0,74
75,story_community_park,Make sure to pay attention to every little detail,0,75
76,story_community_park,We still haven't resolved this issue,0,76
77,story_community_park,"Should we rethink our initial plan, everyone?",0,77
78,story_community_park,"Excuse me, where is the nearest bank?",0,78
79,story_community_park,Are you planning to expand your business next year?,0,79
80,story_community_park,Look at that beautiful sunset over there,0,80
81,story_community_park,Did you enjoy the beautiful garden this afternoon?,0,81
82,story_community_park,Shouldn't we try to save some money?,0,82
83,story_community_park,She'll get that phone call from work,0,83
84,story_community_park,Did you phone your mother to say hello?,0,84
85,story_community_park,She's loved art since she was little,0,85
86,story_community_park,He's going to show us around the new office,0,86
87,story_community_park,Are you coming to the party next weekend?,0,87
88,story_community_park,Speak up if you have any concerns,0,88
89,story_community_park,Speak clearly when you give directions,0,89
90,story_community_park,I'm taking a vacation next month,0,90
91,story_community_park,I'm taking the dog for a walk,0,91
92,story_community_park,Do you walk through the park every evening?,0,92
93,story_community_park,"Bye for now, see you later this evening!",0,93
94,story_community_park,They're turning off the lights early,0,94
95,story_community_park,Let's throw a surprise party for mom,0,95
96,story_community_park,I'm here to help in any way I can,0,96
97,story_community_park,I'm certain this is the right way forward.,0,97
98,story_community_park,Let's talk about the opportunity over coffee,0,98
99,story_community_park,Could you clear the table after dinner?,0,99
100,story_community_park,I need to cost this project before starting it,0,100
101,story_community_park,"Then again, anything is possible these days, right?",0,101
102,story_community_park,"Actually, I'd rather not discuss it, if possible.",0,102
103,story_community_park,Can you show me how to organize this?,0,103
104,story_community_park,Shall we take a quick break?,0,104
105,story_community_park,I hope the weather will be nice tomorrow,0,105
106,story_community_park,That seems like a good idea,0,106
107,story_community_park,I want to wear something special for the occasion,0,107
108,story_community_park,Let's share the good news right away,0,108
109,story_community_park,I suppose the meeting will end soon,0,109
110,story_community_park,Are they training hard for the upcoming competition?,0,110
111,story_community_park,Look at the fresh flowers she put in each room,0,111
112,story_community_park,Would you eat the fish if it's fresh?,0,112
113,story_community_park,Did you see how she led the discussion with such enthusiasm?,0,113
114,story_community_park,Have you heard? They're building a house near the sea,0,114
115,story_community_park,I want to live in a quiet neighborhood,0,115
116,story_community_park,I want to live in a big city someday,0,116
117,story_community_park,Can you imagine a world without any troubles?,0,117
118,story_community_park,Just follow the signs to reach your destination,0,118
119,story_community_park,The traffic will be terrible for drivers during the holiday,0,119
120,story_community_park,They just explained the budget system to me,0,120
121,story_community_park,"I tend to forget people's names, it's so embarrassing",0,121
122,story_community_park,Don't you think they worry too much about small things?,0,122
123,story_community_park,"Don't worry, the alarm will sound if there's danger",0,123
124,story_community_park,Don't strange things happen in the middle of nowhere?,0,124
125,story_community_park,Ask your parents for their opinion first,0,125
126,story_community_park,How do you maintain work-life balance?,0,126
127,story_community_park,Did you know he met his wife at a social event?,0,127
128,story_community_park,The children are playing outside,0,128
129,story_community_park,She's writing a letter to the local newspaper,0,129
130,story_community_park,Feel free to pick any tree in this area,0,130
131,story_community_park,"Quick, help me carry this injured person to safety",0,131
132,story_community_park,We've got to find a solution to this problem,0,132
133,story_community_park,Wouldn't it be amazing to find buried treasure?,0,133
134,story_community_park,"Yeah, I'm totally fine with that, no problem.",0,134
135,story_community_park,I just want to sit quietly and read my book,0,135
136,story_community_park,I hurt my back lifting those heavy boxes,0,136
137,story_community_park,Did the minister really support the community's interests?,0,137
138,story_fishing_trip_gone_awry,Stay aware of your surroundings at night,0,138
139,story_fishing_trip_gone_awry,We wish you the best of luck,0,139
140,story_fishing_trip_gone_awry,I'll draw you a map to the new office,0,140
141,story_fishing_trip_gone_awry,"Remember, honesty is the best policy",0,141
142,story_fishing_trip_gone_awry,Shall we go to the park to feed the ducks?,0,142
143,story_fishing_trip_gone_awry,"It might rain later, bring an umbrella",0,143
144,story_fishing_trip_gone_awry,He's picking up the kids from school,0,144
145,story_fishing_trip_gone_awry,Do you know what factors affect our success rate?,0,145
146,story_fishing_trip_gone_awry,He tried to knock some sense into them,0,146
147,story_fishing_trip_gone_awry,We need to act now or we'll lose everything!,0,147
148,story_fishing_trip_gone_awry,Just follow the instructions step by step,0,148
149,story_fishing_trip_gone_awry,Do you understand the main idea here?,0,149
150,story_fishing_trip_gone_awry,"Of course, there's always room for improvement, right?",0,150
151,story_fishing_trip_gone_awry,Don't you love how she cooks wonderful meals for her family?,0,151
152,story_fishing_trip_gone_awry,Who will teach the class next week?,0,152
153,story_fishing_trip_gone_awry,Stop wasting time on this,0,153
154,story_fishing_trip_gone_awry,Do you think we'll get a response by tomorrow?,0,154
155,story_fishing_trip_gone_awry,Don't forget to set your alarm for six,0,155
156,story_fishing_trip_gone_awry,Can you believe they ate the entire cake by themselves?,0,156
157,story_fishing_trip_gone_awry,Do you check your account balance every day?,0,157
158,story_fishing_trip_gone_awry,Did you notice her beautiful smile across the room?,0,158
159,story_fishing_trip_gone_awry,Did you see how he led the team to victory last night?,0,159
160,story_fishing_trip_gone_awry,Why won't anyone help?,0,160
161,story_fishing_trip_gone_awry,What happened to the rest of the cake?,0,161
162,story_fishing_trip_gone_awry,"The operation was serious, but she's all right.",0,162
163,story_fishing_trip_gone_awry,Let's try to walk more and drive less,0,163
164,story_fishing_trip_gone_awry,They're shutting the shop early today,0,164
165,story_fishing_trip_gone_awry,Do you play golf on weekends?,0,165
166,story_fishing_trip_gone_awry,I've never seen anything like this!,0,166
167,story_fishing_trip_gone_awry,The movie's about to end,0,167
168,story_fishing_trip_gone_awry,We all make typing mistakes - even me!,0,168
169,story_fishing_trip_gone_awry,Are you ready for the big event tomorrow?,0,169
170,story_fishing_trip_gone_awry,I want to buy a new television set,0,170
171,story_fishing_trip_gone_awry,We're throwing a surprise party for him,0,171
172,story_fishing_trip_gone_awry,I'll get back to your email as soon as I can,0,172
173,story_fishing_trip_gone_awry,"Set the table for dinner, would you?",0,173
174,story_fishing_trip_gone_awry,Let's not worry so much about small things,0,174
175,story_fishing_trip_gone_awry,Do you think he'll enjoy the concert tonight?,0,175
176,story_fishing_trip_gone_awry,I'm writing a letter to my local minister,0,176
177,story_fishing_trip_gone_awry,No one else can do it; it's yours.,0,177
178,story_fishing_trip_gone_awry,Ask for help if you need it,0,178
179,story_fishing_trip_gone_awry,Are you coming to the party tonight?,0,179
180,story_fishing_trip_gone_awry,I wished to join the army years ago,0,180
181,story_fishing_trip_gone_awry,"Drive carefully on your way home, dear",0,181
182,story_fishing_trip_gone_awry,Look at those two boys fighting over a toy car,0,182
183,story_fishing_trip_gone_awry,I was born in a small fishing village,0,183
184,story_fishing_trip_gone_awry,This trip is going to cost us a pretty penny,0,184
185,story_fishing_trip_gone_awry,Have you heard the old building is closed for renovation?,0,185
186,story_fishing_trip_gone_awry,That short man can throw the ball really far!,0,186
187,story_fishing_trip_gone_awry,You should reduce your sugar intake for better health,0,187
188,story_fishing_trip_gone_awry,Did you hear? They passed the test with flying colors!,0,188
189,story_job_interview_gone_wrong,Use the glue to make it stick firmly,0,189
190,story_job_interview_gone_wrong,The teacher will mention your good work today,0,190
191,story_job_interview_gone_wrong,They're keeping the matter private,0,191
192,story_job_interview_gone_wrong,The meeting starts at half past,0,192
193,story_job_interview_gone_wrong,Don't forget to water the plant or it will die,0,193
194,story_job_interview_gone_wrong,Did you hear about the noise causing trouble in the neighborhood?,0,194
195,story_job_interview_gone_wrong,They just want a chance to prove themselves,0,195
196,story_job_interview_gone_wrong,Don't you think the character is well-developed?,0,196
197,story_job_interview_gone_wrong,I just got a message from my father,0,197
198,story_job_interview_gone_wrong,I'm preparing for the worst but hoping for the best,0,198
199,story_job_interview_gone_wrong,I'm afraid there's no easy solution to this.,0,199
200,story_job_interview_gone_wrong,We're going to run the company efficiently,0,200
201,story_job_interview_gone_wrong,Shall we drink our coffee on the ground?,0,201
202,story_job_interview_gone_wrong,I really want to achieve more in my career,0,202
203,story_job_interview_gone_wrong,I knocked on the wrong door,0,203
204,story_job_interview_gone_wrong,You need two people to lift anything over fifty pounds.,0,204
205,story_job_interview_gone_wrong,Should we start from the beginning again?,0,205
206,story_job_interview_gone_wrong,Just stay calm - everything will be fine,0,206
207,story_job_interview_gone_wrong,Can you manage this project by yourself?,0,207
208,story_job_interview_gone_wrong,It seems like a normal day so far,0,208
209,story_job_interview_gone_wrong,They're letting us enter the building now,0,209
210,story_job_interview_gone_wrong,We have to tell the truth about what happened,0,210
211,story_job_interview_gone_wrong,Clean your room before going out,0,211
212,story_job_interview_gone_wrong,I want to listen to different perspectives first,0,212
213,story_job_interview_gone_wrong,I need to read this important letter right away,0,213
214,story_job_interview_gone_wrong,Let's choose our words more carefully,0,214
215,story_job_interview_gone_wrong,She'd like to share her experience with us,0,215
216,story_job_interview_gone_wrong,He might mention your name in the report,0,216
217,story_job_interview_gone_wrong,Wait for me at the bottom of the stairs,0,217
218,story_job_interview_gone_wrong,Let's sit down and discuss this calmly,0,218
219,story_job_interview_gone_wrong,Don't you think it's time for a change?,0,219
220,story_job_interview_gone_wrong,Shall we help organize the sale next week?,0,220
221,story_job_interview_gone_wrong,Be careful - the glass will break if you drop it,0,221
222,story_job_interview_gone_wrong,Have you been wearing the same shirt since then?,0,222
223,story_job_interview_gone_wrong,This feeling of success will stay with you,0,223
224,story_job_interview_gone_wrong,Can you explain this concept to me?,0,224
225,story_job_interview_gone_wrong,Shall we take a tour around the city?,0,225
226,story_job_interview_gone_wrong,Be prepared - the actual results might be different.,0,226
227,story_job_interview_gone_wrong,It all depends on tomorrow's test results,0,227
228,story_job_interview_gone_wrong,She will call you as soon as possible,0,228
229,story_job_interview_gone_wrong,I'm planning to organize the office party soon,0,229
230,story_job_interview_gone_wrong,Did you hear? They won the big contract!,0,230
231,story_job_interview_gone_wrong,Let's talk about our holiday plans,0,231
232,story_job_interview_gone_wrong,Shall we move on to something else?,0,232
233,story_job_interview_gone_wrong,I don't know the answer to that,0,233
234,story_job_interview_gone_wrong,She's starting her new job next week,0,234
235,story_job_interview_gone_wrong,I suppose we could try it your way,0,235
236,story_job_interview_gone_wrong,Don't forget to charge your electric car overnight,0,236
237,story_job_interview_gone_wrong,Hold your breath as you dive underwater,0,237
238,story_job_interview_gone_wrong,Add some spice to make the dish tastier,0,238
239,story_job_interview_gone_wrong,"I'm nearly done with this particular task, honestly.",0,239
240,story_job_interview_gone_wrong,Let's sort out this mess quickly,0,240
241,story_job_interview_gone_wrong,I learned to sing in front of everybody,0,241
242,story_job_interview_gone_wrong,She's likely to arrive at any moment now.,0,242
243,story_job_interview_gone_wrong,Don't you believe in the power of positive thinking?,0,243
244,story_job_interview_gone_wrong,Don't forget to cut your hair before the interview,0,244
245,story_job_interview_gone_wrong,Look how fast that black horse runs!,0,245
246,story_job_interview_gone_wrong,I can't handle this awful heat anymore!,0,246
247,story_job_interview_gone_wrong,Did you see the cat bounce off the kitchen window?,0,247
248,story_camping_trip_gone_awry,I wonder if that rumor is true,0,248
249,story_camping_trip_gone_awry,Do you like playing the guitar at night?,0,249
250,story_camping_trip_gone_awry,Want to go on a camping trip?,0,250
251,story_camping_trip_gone_awry,She's trying to break her bad habits,0,251
252,story_camping_trip_gone_awry,Wouldn't it be great to win the lottery?,0,252
253,story_camping_trip_gone_awry,"Don't worry, I'll remind you about the meeting tomorrow",0,253
254,story_camping_trip_gone_awry,Use this bottle to carry your water,0,254
255,story_camping_trip_gone_awry,Wasn't that film absolutely amazing?,0,255
256,story_camping_trip_gone_awry,Shall we meet at the store?,0,256
257,story_camping_trip_gone_awry,"Do you think it could still happen, even if it seems unlikely?",0,257
258,story_camping_trip_gone_awry,Hi there! How are you doing this morning?,0,258
259,story_camping_trip_gone_awry,Look at the beautiful view from here,0,259
260,story_camping_trip_gone_awry,Let's check the weather forecast today,0,260
261,story_camping_trip_gone_awry,I can't remember where I left my keys,0,261
262,story_camping_trip_gone_awry,Are you going to sleep late this weekend?,0,262
263,story_camping_trip_gone_awry,Can you carry this heavy bag for me?,0,263
264,story_camping_trip_gone_awry,Don't you think the solution seems quite simple?,0,264
265,story_camping_trip_gone_awry,He sounds excited about the new project,0,265
266,story_camping_trip_gone_awry,"Turn off the radio, please",0,266
267,story_camping_trip_gone_awry,What did you say to him yesterday?,0,267
268,story_camping_trip_gone_awry,I should have chosen a different career path,0,268
269,story_camping_trip_gone_awry,Let's sort this mess out once and for all,0,269
270,story_camping_trip_gone_awry,Shall we pick some flowers from the garden?,0,270
271,story_camping_trip_gone_awry,I'll have the report ready by next week,0,271
272,story_camping_trip_gone_awry,Could the best solution be right in front of us?,0,272
273,story_camping_trip_gone_awry,"Close the door when you leave, okay?",0,273
274,story_camping_trip_gone_awry,Let me show you around the city,0,274
275,story_camping_trip_gone_awry,We'll have to stay home because of the rain,0,275
276,story_camping_trip_gone_awry,We've got to save up for our holiday,0,276
277,story_camping_trip_gone_awry,We just moved to a new house last month,0,277
278,story_camping_trip_gone_awry,You should write down your ideas before you forget,0,278
279,story_camping_trip_gone_awry,Let's share our food with those in need,0,279
280,story_camping_trip_gone_awry,Let's keep our options open for now,0,280
281,story_camping_trip_gone_awry,"Normally, I'd say yes, but not this time.",0,281
282,story_camping_trip_gone_awry,"Yes, I'm sure it's worth at least a pound.",0,282
283,story_camping_trip_gone_awry,"Suddenly, it all became clear as a sheet.",0,283
284,story_camping_trip_gone_awry,"God, I'm afraid nobody's totally honest these days.",0,284
285,story_camping_trip_gone_awry,I feel sick after eating that stuff,0,285
286,story_camping_trip_gone_awry,Don't you hate waking up early in the morning?,0,286
287,story_camping_trip_gone_awry,The show lasted for an hour and half,0,287
288,story_camping_trip_gone_awry,Did you get a fair deal on your car?,0,288
289,story_camping_trip_gone_awry,She's planning to move to the west coast,0,289
290,story_camping_trip_gone_awry,Let me tell you the story of our journey,0,290
291,story_camping_trip_gone_awry,This soup tastes nothing like the original,0,291
292,story_camping_trip_gone_awry,Look at the clear sky up north,0,292
293,story_camping_trip_gone_awry,Tell us about your adventures abroad,0,293
294,story_camping_trip_gone_awry,What does this sentence actually mean?,0,294
295,story_camping_trip_gone_awry,I need extra time to finish my homework,0,295
296,story_camping_trip_gone_awry,He's trying to improve his cooking,0,296
297,story_camping_trip_gone_awry,Don't forget to wear a helmet while cycling,0,297
298,story_camping_trip_gone_awry,Everyone must wear a mask inside,0,298
299,story_camping_trip_gone_awry,Let's press for better working conditions,0,299
300,story_camping_trip_gone_awry,Did you see the lovely egg she made for her mum?,0,300
301,story_unexpected_music_project,Are you worried about the economy?,0,301
302,story_unexpected_music_project,I cook special meals for my husband,0,302
303,story_unexpected_music_project,I bet she won't show up tonight,0,303
304,story_unexpected_music_project,Let's teach the members how to dive carefully,0,304
305,story_unexpected_music_project,Mine is the red one on the table.,0,305
306,story_unexpected_music_project,Let's use this material for the project,0,306
307,story_unexpected_music_project,Do you think she'll start her speech with a joke?,0,307
308,story_unexpected_music_project,Make your own choice in this matter,0,308
309,story_unexpected_music_project,Shouldn't we consider other options too?,0,309
310,story_unexpected_music_project,You need to accept the job offer today,0,310
311,story_unexpected_music_project,Did you hear that lovely bird song this morning?,0,311
312,story_unexpected_music_project,She's trying to enhance her skills at work,0,312
313,story_unexpected_music_project,Don't the kids just love singing in the rain?,0,313
314,story_unexpected_music_project,Let's prepare for any possible outcome,0,314
315,story_unexpected_music_project,Are you watching the two teams fight for first place?,0,315
316,story_unexpected_music_project,Will you accept my apology for being late?,0,316
317,story_unexpected_music_project,Could you send me that information by email?,0,317
318,story_unexpected_music_project,Shall we dive into the pool together?,0,318
319,story_unexpected_music_project,He's trying to learn French,0,319
320,story_unexpected_music_project,Did you hear her sing about love and loss?,0,320
321,story_unexpected_music_project,She's letting the children play outside,0,321
322,story_unexpected_music_project,Ever wonder why things happen the way they do?,0,322
323,story_unexpected_music_project,Can you show me how it works?,0,323
324,story_unexpected_music_project,I love listening to music while cooking dinner,0,324
325,story_unexpected_music_project,Let's find a solution to this issue,0,325
326,story_unexpected_music_project,She really wants to serve her community better,0,326
327,story_unexpected_music_project,We need to fight for our rights,0,327
328,story_unexpected_music_project,I just realized I forgot my keys,0,328
329,story_unexpected_music_project,What will you do with your free time?,0,329
330,story_unexpected_music_project,Did you see the new film last week?,0,330
331,story_unexpected_music_project,Let's cover all aspects of the problem,0,331
332,story_unexpected_music_project,Is she really an expert in the field?,0,332
333,story_unexpected_music_project,Are you going to the science lecture tomorrow?,0,333
334,story_unexpected_music_project,Have you been to that new bar in the centre?,0,334
335,story_unexpected_music_project,Are they still going to produce cheap materials?,0,335
336,story_unexpected_music_project,I want to produce a hit song,0,336
337,story_unexpected_music_project,Did you forget to include the data in the report?,0,337
338,story_unexpected_music_project,Have they shared their suggestion with management?,0,338
339,story_unexpected_music_project,I'll tell you the real reason later,0,339
340,story_unexpected_music_project,Remember that specific case I mentioned?,0,340
341,story_unexpected_music_project,Can you figure out this math problem?,0,341
342,story_unexpected_music_project,I sang a lullaby to my baby sister,0,342
343,story_unexpected_music_project,Did you hear the police caught the thief last night?,0,343
344,story_unexpected_music_project,We're planning to visit Rome next summer,0,344
345,story_unexpected_music_project,Don't they bear the burden of society's expectations?,0,345
346,story_unexpected_music_project,Did you join the protest against high taxes?,0,346
347,story_unexpected_music_project,Only a single line separates success from failure.,0,347
348,story_unexpected_music_project,Shall we collect interesting rocks along the beach?,0,348
349,story_unexpected_music_project,Did you know he collects rare coins as a hobby?,0,349
350,story_underwater_adventure_gone_wrong,They sold all their tickets,0,350
351,story_underwater_adventure_gone_wrong,Why don't we use examples? It's the easiest way.,0,351
352,story_underwater_adventure_gone_wrong,Are they hoping to graduate with honors next year?,0,352
353,story_underwater_adventure_gone_wrong,Stand up straight and look ahead,0,353
354,story_underwater_adventure_gone_wrong,Wait for me at the bus stop,0,354
355,story_underwater_adventure_gone_wrong,Feel free to sit anywhere in this section,0,355
356,story_underwater_adventure_gone_wrong,She'll catch a cold in this weather,0,356
357,story_underwater_adventure_gone_wrong,Listen to the wonderful sound of nature,0,357
358,story_underwater_adventure_gone_wrong,Make sure to double-check your work,0,358
359,story_underwater_adventure_gone_wrong,I recognize that man from somewhere,0,359
360,story_underwater_adventure_gone_wrong,Can you fix this problem by tomorrow?,0,360
361,story_underwater_adventure_gone_wrong,Could you close the curtains before you leave?,0,361
362,story_underwater_adventure_gone_wrong,Deal the cards quickly and efficiently,0,362
363,story_underwater_adventure_gone_wrong,I meant to call but forgot,0,363
364,story_underwater_adventure_gone_wrong,We still haven't solved the problem,0,364
365,story_underwater_adventure_gone_wrong,He might lose his job if he's late,0,365
366,story_underwater_adventure_gone_wrong,She ran to catch the last train home,0,366
367,story_underwater_adventure_gone_wrong,"Don't worry, everything will be fine",0,367
368,story_underwater_adventure_gone_wrong,Add some spice to make it taste,0,368
369,story_underwater_adventure_gone_wrong,You should have realized your mistake earlier,0,369
370,story_underwater_adventure_gone_wrong,Let's talk about something more interesting,0,370
371,story_underwater_adventure_gone_wrong,Let's walk to work to save money,0,371
372,story_underwater_adventure_gone_wrong,Change your shirt before the important meeting,0,372
373,story_underwater_adventure_gone_wrong,"Fill the glass with water, would you?",0,373
374,story_underwater_adventure_gone_wrong,We need to collect the data by next week,0,374
375,story_underwater_adventure_gone_wrong,How do you manage your time so efficiently?,0,375
376,story_underwater_adventure_gone_wrong,I hate missing the bus in summer,0,376
377,story_underwater_adventure_gone_wrong,I can't remember where I put my keys,0,377
378,story_underwater_adventure_gone_wrong,Sorry I'm late to the meeting,0,378
379,story_underwater_adventure_gone_wrong,I'm so excited about our upcoming vacation,0,379
380,story_underwater_adventure_gone_wrong,I always forget what's going on,0,380
381,story_underwater_adventure_gone_wrong,Did you hear about the latest news?,0,381
382,story_underwater_adventure_gone_wrong,Do you think they'll reach an agreement soon?,0,382
383,story_underwater_adventure_gone_wrong,Are you ready for the party tonight?,0,383
384,story_underwater_adventure_gone_wrong,The total cost is a bit higher than we thought.,0,384
385,story_underwater_adventure_gone_wrong,"Cut the cake into equal pieces, please",0,385
386,story_underwater_adventure_gone_wrong,We received such a warm welcome at the airport,0,386
387,story_underwater_adventure_gone_wrong,When will the package come in the mail?,0,387
388,story_underwater_adventure_gone_wrong,She'll ring the doorbell when she gets here,0,388
389,story_underwater_adventure_gone_wrong,Don't you think unity is crucial right now?,0,389
390,story_underwater_adventure_gone_wrong,Should we stick to our original plan despite the doubts?,0,390
391,story_underwater_adventure_gone_wrong,They've started growing their own vegetables,0,391
392,story_underwater_adventure_gone_wrong,Always compare prices before buying anything,0,392
393,story_underwater_adventure_gone_wrong,Shall we dive underwater to explore the reef?,0,393
394,story_underwater_adventure_gone_wrong,I want to show my artwork at the gallery,0,394
395,story_underwater_adventure_gone_wrong,Have you seen the feast they prepared for the wedding?,0,395
396,story_underwater_adventure_gone_wrong,Look! The eagle's diving for its prey,0,396
397,story_underwater_adventure_gone_wrong,I based my decision on previous experience,0,397
398,story_underwater_adventure_gone_wrong,Does the hotel provide breakfast in the morning?,0,398
399,story_underwater_adventure_gone_wrong,Did you hear they got married on a boat in this hot weather?,0,399
400,story_workplace_stress_vacation,Isn't it surprising how the movement has gained momentum?,0,400
401,story_workplace_stress_vacation,I'm trying to stick to my diet plan,0,401
402,story_workplace_stress_vacation,Clear your mind before you begin,0,402
403,story_workplace_stress_vacation,Let's get rid of these old newspapers,0,403
404,story_workplace_stress_vacation,Did you see the ball hit the wall and bounce back?,0,404
405,story_workplace_stress_vacation,Let me talk to the manager about this,0,405
406,story_workplace_stress_vacation,We're producing a new product soon,0,406
407,story_workplace_stress_vacation,What do you mean by that statement?,0,407
408,story_workplace_stress_vacation,Let's dive into the pool to cool off,0,408
409,story_workplace_stress_vacation,Does this example help clarify things?,0,409
410,story_workplace_stress_vacation,Do you think they'll reach their goals soon?,0,410
411,story_workplace_stress_vacation,Let's mention this to our boss,0,411
412,story_workplace_stress_vacation,Hold onto the railing for dear life!,0,412
413,story_workplace_stress_vacation,He might draw a picture of the village,0,413
414,story_workplace_stress_vacation,I achieved my dreams through hard work,0,414
415,story_workplace_stress_vacation,All this pressure at work is causing me stress,0,415
416,story_workplace_stress_vacation,Did you know he was born into a wealthy family?,0,416
417,story_workplace_stress_vacation,We can't make any mistakes now,0,417
418,story_workplace_stress_vacation,Shall we pick fresh vegetables for dinner?,0,418
419,story_workplace_stress_vacation,"I accept your apology, let's move on",0,419
420,story_workplace_stress_vacation,Take your time answering the question,0,420
421,story_workplace_stress_vacation,We're going on vacation next month,0,421
422,story_workplace_stress_vacation,Can you manage the office until tonight?,0,422
423,story_workplace_stress_vacation,I can't remember where I parked my car,0,423
424,story_workplace_stress_vacation,I feel happy when I'm with you,0,424
425,story_workplace_stress_vacation,Consider your options before making a decision,0,425
426,story_workplace_stress_vacation,I tried to catch up with the others,0,426
427,story_workplace_stress_vacation,I want to listen to different opinions first,0,427
428,story_workplace_stress_vacation,Let's deal with this problem right away,0,428
429,story_workplace_stress_vacation,Let's provide better service to our customers,0,429
430,story_workplace_stress_vacation,How much does this service usually cost?,0,430
431,story_workplace_stress_vacation,Did you hear they're allowing pets in the building now?,0,431
432,story_workplace_stress_vacation,Raise your hand if you have a question,0,432
433,story_workplace_stress_vacation,Push the door open with your free hand,0,433
434,story_workplace_stress_vacation,Would you like me to fill your cup with tea?,0,434
435,story_workplace_stress_vacation,You need excellent communication skills for this job,0,435
436,story_workplace_stress_vacation,Have you applied for a loan at the bank?,0,436
437,story_workplace_stress_vacation,We watched the sunrise over the mountains,0,437
438,story_workplace_stress_vacation,The army officer must face the enemy soon,0,438
439,story_swedish_adventure_in_winter_wilderness,"Don't lie again, or you'll suffer",0,439
440,story_swedish_adventure_in_winter_wilderness,Have you seen the video about preparing this meal?,0,440
441,story_swedish_adventure_in_winter_wilderness,We really need to cut back on spending this month,0,441
442,story_swedish_adventure_in_winter_wilderness,When should we schedule the meeting?,0,442
443,story_swedish_adventure_in_winter_wilderness,Don't forget your passport for the trip,0,443
444,story_swedish_adventure_in_winter_wilderness,Check with somebody before making any decisions!,0,444
445,story_swedish_adventure_in_winter_wilderness,Stop smoking - it's bad for your health,0,445
446,story_swedish_adventure_in_winter_wilderness,"It depends on the weather, obviously",0,446
447,story_swedish_adventure_in_winter_wilderness,"Wash your hands before you cook, okay?",0,447
448,story_swedish_adventure_in_winter_wilderness,I want to learn a new language this year,0,448
449,story_swedish_adventure_in_winter_wilderness,I was born in a small town,0,449
450,story_swedish_adventure_in_winter_wilderness,Are they going to teach us how to apply makeup?,0,450
451,story_swedish_adventure_in_winter_wilderness,Are you joining our community cleanup event?,0,451
452,story_swedish_adventure_in_winter_wilderness,"Don't worry, you'll get used to the new system.",0,452
453,story_swedish_adventure_in_winter_wilderness,Let's think about this more carefully,0,453
454,story_swedish_adventure_in_winter_wilderness,"Don't lose hope, better days are ahead",0,454
455,story_swedish_adventure_in_winter_wilderness,I'll start the car and drive home,0,455
456,story_swedish_adventure_in_winter_wilderness,I suppose we should leave early tomorrow,0,456
457,story_swedish_adventure_in_winter_wilderness,I'm preparing a delicious meal for my family,0,457
458,story_swedish_adventure_in_winter_wilderness,Call me if you need any help,0,458
459,story_swedish_adventure_in_winter_wilderness,I wonder what's for dinner tonight,0,459
460,story_swedish_adventure_in_winter_wilderness,The alarm will sound at six o'clock,0,460
461,story_swedish_adventure_in_winter_wilderness,Could you help me set the table for dinner guests?,0,461
462,story_swedish_adventure_in_winter_wilderness,I tried to hit the ball but missed,0,462
463,story_swedish_adventure_in_winter_wilderness,I hope to graduate with honors next year,0,463
464,story_swedish_adventure_in_winter_wilderness,She's planning to apply for a new job soon,0,464
465,story_swedish_adventure_in_winter_wilderness,Let's deal with this issue right now,0,465
466,story_swedish_adventure_in_winter_wilderness,"Although it's similar, there are some key differences.",0,466
467,story_swedish_adventure_in_winter_wilderness,Look at that animal dragging itself across the field,0,467
468,story_swedish_adventure_in_winter_wilderness,"Our waiter is so friendly, serving us with a smile",0,468
469,story_swedish_adventure_in_winter_wilderness,"Instead of complaining, let's find a solution together.",0,469
470,story_swedish_adventure_in_winter_wilderness,She always brings up her ex in conversations,0,470
471,story_swedish_adventure_in_winter_wilderness,Did you hear she won an award for her scientific research?,0,471
472,story_swedish_adventure_in_winter_wilderness,Do you think the product is entirely safe?,0,472
473,story_swedish_adventure_in_winter_wilderness,Remember to speak softly in the library,0,473
474,story_swedish_adventure_in_winter_wilderness,Can you hang the wet clothes out to dry?,0,474
475,story_swedish_adventure_in_winter_wilderness,I'm teaching English to foreign students,0,475
476,story_swedish_adventure_in_winter_wilderness,Look how the sun's clearing away the morning fog,0,476
477,story_unexpected_marathon_adventure,Let's refer to the second copy,0,477
478,story_unexpected_marathon_adventure,Shall we head to the meeting now?,0,478
479,story_unexpected_marathon_adventure,How long will this meeting last?,0,479
480,story_unexpected_marathon_adventure,Could you explain the difference between these rules?,0,480
481,story_unexpected_marathon_adventure,Let's think twice before making decisions,0,481
482,story_unexpected_marathon_adventure,Do you love cooking in your bedroom?,0,482
483,story_unexpected_marathon_adventure,Let's prepare for the worst scenario,0,483
484,story_unexpected_marathon_adventure,Wash your hands with soap and water,0,484
485,story_unexpected_marathon_adventure,I can't figure out this puzzle yet,0,485
486,story_unexpected_marathon_adventure,We must ensure everyone's safety first.,0,486
487,story_unexpected_marathon_adventure,I recognized her voice on the phone right away,0,487
488,story_unexpected_marathon_adventure,Let's have the meeting in the central office,0,488
489,story_unexpected_marathon_adventure,We need to handle this situation carefully,0,489
490,story_unexpected_marathon_adventure,Have you heard? They joined the football team yesterday,0,490
491,story_unexpected_marathon_adventure,Did they really see a UFO?,0,491
492,story_unexpected_marathon_adventure,Stay calm during the interview,0,492
493,story_unexpected_marathon_adventure,I can't understand why he did that,0,493
494,story_unexpected_marathon_adventure,Have you considered all your options?,0,494
495,story_unexpected_marathon_adventure,"Put your coat on, it's cold outside",0,495
496,story_unexpected_marathon_adventure,"Whether you like it or not, it's happening.",0,496
497,story_unexpected_marathon_adventure,She works hard to provide for her family,0,497
498,story_unexpected_marathon_adventure,We should support local businesses more often,0,498
499,story_unexpected_marathon_adventure,I wonder what the future holds for us,0,499
500,story_unexpected_marathon_adventure,Would you like to join us for dinner?,0,500
501,story_unexpected_marathon_adventure,Do you think we'll achieve our goals soon?,0,501
502,story_unexpected_marathon_adventure,Shall we build a better future together?,0,502
503,story_unexpected_marathon_adventure,I'll be at the event myself.,0,503
504,story_unexpected_marathon_adventure,We're building a new house next year,0,504
505,story_unexpected_marathon_adventure,Send the package as soon as possible,0,505
506,story_unexpected_marathon_adventure,Try to rid yourself of negative thoughts,0,506
507,story_unexpected_marathon_adventure,Want to run a marathon for charity?,0,507
508,story_unexpected_marathon_adventure,Let's train new employees more effectively,0,508
509,story_unexpected_marathon_adventure,Did you like their Facebook page yesterday?,0,509
510,story_unexpected_marathon_adventure,I hurt my ankle while playing tennis,0,510
511,story_unexpected_marathon_adventure,I care deeply about environmental issues,0,511
512,story_sunset_wedding_blues,"Don't bother calling, I'll be busy",0,512
513,story_sunset_wedding_blues,Don't try to lift heavy furniture alone,0,513
514,story_sunset_wedding_blues,Finish your homework before watching TV,0,514
515,story_sunset_wedding_blues,Do you support these new environmental laws?,0,515
516,story_sunset_wedding_blues,He cleared his throat before the speech began,0,516
517,story_sunset_wedding_blues,"Don't worry about the small stuff, honey",0,517
518,story_sunset_wedding_blues,"Nobody got hurt in the accident, just the car",0,518
519,story_sunset_wedding_blues,Decide what you want for dinner,0,519
520,story_sunset_wedding_blues,We need to talk about our relationship,0,520
521,story_sunset_wedding_blues,They're getting married in the spring,0,521
522,story_sunset_wedding_blues,Let's make a wish upon a star tonight,0,522
523,story_sunset_wedding_blues,It's a quarter past nine - we're late!,0,523
524,story_sunset_wedding_blues,She watched the sunset from her balcony,0,524
525,story_sunset_wedding_blues,"I care about you, my friend",0,525
526,story_sunset_wedding_blues,Do you need help with your homework assignment?,0,526
527,story_sunset_wedding_blues,He's thinking of changing his work schedule,0,527
528,story_sunset_wedding_blues,Did he really change his mind at the last moment?,0,528
529,story_sunset_wedding_blues,I can't figure out this math problem,0,529
530,story_sunset_wedding_blues,Don't forget to be on time,0,530
531,story_sunset_wedding_blues,Let's work hard to achieve our goals,0,531
532,story_sunset_wedding_blues,Let's talk about the language of love,0,532
533,story_sunset_wedding_blues,Let's sit and discuss this over tea,0,533
534,story_sunset_wedding_blues,He might charge his phone before leaving,0,534
535,story_sunset_wedding_blues,We're keeping the old furniture for now,0,535
536,story_sunset_wedding_blues,Can you teach me how to cook?,0,536
537,story_sunset_wedding_blues,You should have chosen a different color,0,537
538,story_sunset_wedding_blues,Let's deal with this problem in private,0,538
539,story_sunset_wedding_blues,Let's include everyone in this event,0,539
540,story_sunset_wedding_blues,Have you chosen a white church for the wedding?,0,540
541,story_sunset_wedding_blues,I want to enhance my public speaking skills,0,541
542,story_sunset_wedding_blues,This accident is causing a major traffic jam,0,542
543,story_sunset_wedding_blues,Many soldiers died defending their country,0,543
544,story_sunset_wedding_blues,Did you see that stupid comment on Twitter?,0,544
545,story_rainy_football_match,"Cover your mouth when you cough, please",0,545
546,story_rainy_football_match,I used to think differently about this issue.,0,546
547,story_rainy_football_match,Do you think we can control the situation?,0,547
548,story_rainy_football_match,I want to answer all these questions correctly,0,548
549,story_rainy_football_match,You should eat more vegetables to stay healthy,0,549
550,story_rainy_football_match,I'm just killing time reading these books about nature,0,550
551,story_rainy_football_match,Let's hope we get lucky with this!,0,551
552,story_rainy_football_match,Don't shoot! It's just a game,0,552
553,story_rainy_football_match,Can we afford to go on vacation?,0,553
554,story_rainy_football_match,"Sorry, I'm really tired right now",0,554
555,story_rainy_football_match,They play football every Sunday afternoon,0,555
556,story_rainy_football_match,Do you know the way to the hospital?,0,556
557,story_rainy_football_match,Did you see the dog catch the ball in midair?,0,557
558,story_rainy_football_match,I hope to graduate from college soon,0,558
559,story_rainy_football_match,I'm graduating from college next term!,0,559
560,story_rainy_football_match,Pay more attention to details,0,560
561,story_rainy_football_match,How do you handle stress at work?,0,561
562,story_rainy_football_match,We're going to sing at the local concert,0,562
563,story_rainy_football_match,The rain should stop soon,0,563
564,story_rainy_football_match,Do you think the weather might change later today?,0,564
565,story_rainy_football_match,Let's train harder to win the competition,0,565
566,story_rainy_football_match,I bet it will rain this weekend,0,566
567,story_rainy_football_match,Should we include everyone in the plan?,0,567
568,story_rainy_football_match,Keep working until you finish the job,0,568
569,story_rainy_football_match,Just say what you mean,0,569
570,story_rainy_football_match,She might imagine a better future for herself,0,570
571,story_rainy_football_match,Shouldn't we mention this to the others?,0,571
572,story_rainy_football_match,I want to lead the team to victory,0,572
573,story_rainy_football_match,Don't you think the price is too high?,0,573
574,story_rainy_football_match,"Excuse me, could you explain that again?",0,574
575,story_rainy_football_match,I cook delicious meals every day,0,575
576,story_rainy_football_match,I need to get rid of this old furniture,0,576
577,story_rainy_football_match,Don't you think being together is what matters most?,0,577
578,story_rainy_football_match,Would you show us around the college campus?,0,578
579,story_rainy_football_match,You have to face your fears to grow stronger,0,579
580,story_rainy_football_match,We really need to reduce our carbon footprint,0,580
581,story_rainy_football_match,Both mummy and daddy are concerned about tax.,0,581
582,story_unexpected_train_adventure,This dress fits me like a glove!,0,582
583,story_unexpected_train_adventure,She might show us her art collection soon,0,583
584,story_unexpected_train_adventure,Are you trying to sell that radio at the market?,0,584
585,story_unexpected_train_adventure,He tried to catch the falling glass,0,585
586,story_unexpected_train_adventure,Do you think we'll reach our fitness goals?,0,586
587,story_unexpected_train_adventure,Do you want to buy his hat?,0,587
588,story_unexpected_train_adventure,Don't you think this is pretty ordinary?,0,588
589,story_unexpected_train_adventure,Are you training new staff next month?,0,589
590,story_unexpected_train_adventure,I want to live in a modern city,0,590
591,story_unexpected_train_adventure,Do you like collecting seashells at the beach?,0,591
592,story_unexpected_train_adventure,He's going to build us a proper table,0,592
593,story_unexpected_train_adventure,Have you considered the long-term effects of your decision?,0,593
594,story_unexpected_train_adventure,I keep falling asleep during this boring lecture,0,594
595,story_unexpected_train_adventure,This noise is keeping me awake,0,595
596,story_unexpected_train_adventure,Are you fighting for equal rights and justice?,0,596
597,story_unexpected_train_adventure,"Could you lay the table for dinner, please?",0,597
598,story_unexpected_train_adventure,I need to find my lost ticket,0,598
599,story_unexpected_train_adventure,We missed the train by five minutes!,0,599
600,story_unexpected_train_adventure,Think carefully before making your final decision,0,600
601,story_unexpected_train_adventure,Did you hear they're shutting down the factory next month?,0,601
602,story_unexpected_train_adventure,Can you teach us how to meditate?,0,602
603,story_unexpected_train_adventure,Are they providing food for the event?,0,603
604,story_unexpected_train_adventure,Do you train every day to achieve success?,0,604
605,story_unexpected_train_adventure,Can you guess the answer to this question?,0,605
606,story_unexpected_train_adventure,Let's try to sort out our differences,0,606
607,story_unexpected_train_adventure,We need to cut back on spending this month,0,607
608,story_unexpected_train_adventure,Did you see that shooting star?,0,608
609,story_unexpected_train_adventure,I achieved my goals within three months,0,609
610,story_unexpected_train_adventure,They decided to eat at the local restaurant,0,610
611,story_unexpected_train_adventure,Let's stop wasting time on this,0,611
612,story_unexpected_train_adventure,When did you arrive at the airport?,0,612
613,story_unexpected_train_adventure,I was born in a small country town,0,613
614,story_unexpected_train_adventure,We're staying at this lovely hotel by the sea,0,614
615,story_unexpected_train_adventure,Don't bother him while he's working,0,615
616,story_unexpected_train_adventure,I think we should leave now,0,616
617,story_unexpected_train_adventure,Does it matter what color we choose?,0,617
618,story_unexpected_train_adventure,I love to read books in my bedroom,0,618
619,story_unexpected_train_adventure,I excused myself from the boring conversation,0,619
620,story_unexpected_train_adventure,Just throw the old computer in the trash,0,620
621,story_unexpected_train_adventure,Did you hear about the accident on the busy street corner?,0,621
622,story_unexpected_train_adventure,Mind the gap between the train and the platform,0,622
623,story_unexpected_train_adventure,Did you see the blue chair fall across the large room?,0,623
624,story_midnight_garden_mystery,They found a dead body behind the club,0,624
625,story_midnight_garden_mystery,I just can't understand this complex math problem,0,625
626,story_midnight_garden_mystery,"Anyway, let's get back to the main point.",0,626
627,story_midnight_garden_mystery,I tried to hit the target but missed,0,627
628,story_midnight_garden_mystery,Love your neighbors as yourself,0,628
629,story_midnight_garden_mystery,I'm letting my hair grow long and wild,0,629
630,story_midnight_garden_mystery,Did you hear someone knock at the door past midnight?,0,630
631,story_midnight_garden_mystery,Did you try to guess the correct answer?,0,631
632,story_midnight_garden_mystery,Did you hear? He hurt himself fixing the roof,0,632
633,story_midnight_garden_mystery,Just use your common sense here,0,633
634,story_midnight_garden_mystery,Did you know they moved to the countryside last year?,0,634
635,story_midnight_garden_mystery,Did you hear that strange noise from upstairs?,0,635
636,story_midnight_garden_mystery,I run a mile every morning before work,0,636
637,story_midnight_garden_mystery,We don't care if it's a boy or girl.,0,637
638,story_midnight_garden_mystery,Don't bother me with such trivial matters,0,638
639,story_midnight_garden_mystery,Should we take a different route?,0,639
640,story_midnight_garden_mystery,I bet you can't fit through that hole,0,640
641,story_midnight_garden_mystery,The car stops at the next station,0,641
642,story_midnight_garden_mystery,Let's look into this matter carefully,0,642
643,story_midnight_garden_mystery,"Act now, before it's too late!",0,643
644,story_midnight_garden_mystery,I tried to catch the last bus home,0,644
645,story_midnight_garden_mystery,"Would you mind closing the window, please?",0,645
646,story_midnight_garden_mystery,Did you hear? The car hit a tree,0,646
647,story_midnight_garden_mystery,Make sure you consider all your options first,0,647
648,story_midnight_garden_mystery,I'm so happy for you,0,648
649,story_midnight_garden_mystery,Please close the door on your way out,0,649
650,story_midnight_garden_mystery,Could you hang the picture on the bedroom wall?,0,650
651,story_midnight_garden_mystery,Don't worry about what others think of you,0,651
652,story_midnight_garden_mystery,Did you hear someone knock on the door late at night?,0,652
653,story_midnight_garden_mystery,Don't you think strange things happen in that old house?,0,653
654,story_midnight_garden_mystery,I'll call you back later,0,654
655,story_midnight_garden_mystery,I'm teaching the new employees tomorrow,0,655
656,story_midnight_garden_mystery,I was careful not to show my fear.,0,656
657,story_midnight_garden_mystery,Did you hear him cough during the quiet moment?,0,657
658,story_midnight_garden_mystery,Don't forget to bring the ticket,0,658
659,story_midnight_garden_mystery,Don't forget to feed the dog tonight,0,659
660,story_midnight_garden_mystery,Shall we think of something else?,0,660
661,story_midnight_garden_mystery,Do you like playing with your pet cat?,0,661
662,story_midnight_garden_mystery,The company will charge a fair amount,0,662
663,story_midnight_garden_mystery,"Close the window, it's getting cold outside",0,663
664,story_midnight_garden_mystery,He's planning to grow vegetables in his garden,0,664
665,story_midnight_garden_mystery,Did you hear about the accident on the busy street?,0,665
666,story_midnight_garden_mystery,We shared our food with the homeless guy,0,666
667,story_midnight_garden_mystery,Let's help this elderly person cross the street,0,667
668,story_midnight_garden_mystery,Roll the dice to see who goes first,0,668
669,story_midnight_garden_mystery,Do you think she'll become a famous artist one day?,0,669
670,story_midnight_garden_mystery,Do you want to become a famous writer?,0,670
671,story_midnight_garden_mystery,Check the file for any recent changes,0,671
672,story_midnight_garden_mystery,Don't forget to round up the cost to the nearest cent.,0,672
673,story_midnight_garden_mystery,I should phone the doctor for an appointment,0,673
674,story_midnight_garden_mystery,Open your heart to new possibilities,0,674
675,story_midnight_garden_mystery,Have you noticed how much the region's air quality has improved?,0,675
676,story_unexpected_career_change,You have to accept the consequences of your actions,0,676
677,story_unexpected_career_change,Did you hear the conversation through the thin wall?,0,677
678,story_unexpected_career_change,Let's base our decision on facts,0,678
679,story_unexpected_career_change,Are you preparing the stage for the occasion?,0,679
680,story_unexpected_career_change,How do you deal with difficult customers?,0,680
681,story_unexpected_career_change,Shall we meet at the east side?,0,681
682,story_unexpected_career_change,"Mind your own business, young man",0,682
683,story_unexpected_career_change,Let's face our fears to succeed,0,683
684,story_unexpected_career_change,Don't forget to pay the bills on time,0,684
685,story_unexpected_career_change,Did you hear they're building a new community center?,0,685
686,story_unexpected_career_change,Did you learn about different cultures in school?,0,686
687,story_unexpected_career_change,Do you agree with the new company policy?,0,687
688,story_unexpected_career_change,Did you notice he referenced that book in his speech?,0,688
689,story_unexpected_career_change,Did you draw a picture of your family?,0,689
690,story_unexpected_career_change,Do you care about the public's opinion?,0,690
691,story_unexpected_career_change,The meeting starts in five minutes,0,691
692,story_unexpected_career_change,Let's drink to our success tonight,0,692
693,story_unexpected_career_change,We're planning a world tour,0,693
694,story_unexpected_career_change,Are you selling your house next year?,0,694
695,story_unexpected_career_change,I want to live in a different country,0,695
696,story_unexpected_career_change,We should discuss this issue more,0,696
697,story_unexpected_career_change,Could you cut the cake into equal pieces?,0,697
698,story_unexpected_career_change,Wash your hands before handling food,0,698
699,story_unexpected_career_change,We need to finish this project by Friday,0,699
700,story_unexpected_career_change,I'm trying to dry my clothes in the sun,0,700
701,story_unexpected_career_change,This situation is hard to understand,0,701
702,story_unexpected_career_change,Let's compare prices before we decide,0,702
703,story_unexpected_career_change,Have you considered the consequences?,0,703
704,story_unexpected_career_change,Do you think we'll achieve our sales targets?,0,704
705,story_unexpected_career_change,Are you joining the charity event?,0,705
706,story_unexpected_career_change,"Hold onto the rail, it's slippery",0,706
707,story_unexpected_career_change,Can you lend me a buck fifty until payday?,0,707
708,story_unexpected_career_change,Do you support the new regional development programme?,0,708
709,story_unexpected_wedding_guests,Press the button to call the elevator,0,709
710,story_unexpected_wedding_guests,Can you imagine a world without technology?,0,710
711,story_unexpected_wedding_guests,That young girl is determined to succeed,0,711
712,story_unexpected_wedding_guests,Did you see his funny hat at the party?,0,712
713,story_unexpected_wedding_guests,We need to raise awareness about this,0,713
714,story_unexpected_wedding_guests,Did you see her green dress at the party?,0,714
715,story_unexpected_wedding_guests,"Don't lose hope in difficult times, sir",0,715
716,story_unexpected_wedding_guests,Let's share our concerns with the panel,0,716
717,story_unexpected_wedding_guests,Didn't she sing beautifully at the wedding?,0,717
718,story_unexpected_wedding_guests,Let's stop worrying about small things,0,718
719,story_unexpected_wedding_guests,Don't forget to feed the dog before you leave,0,719
720,story_unexpected_wedding_guests,We train every day to win the cup,0,720
721,story_unexpected_wedding_guests,Do you collect old bottles as a hobby?,0,721
722,story_unexpected_wedding_guests,I bet you can't eat the whole cake,0,722
723,story_unexpected_wedding_guests,What happened to your old car?,0,723
724,story_unexpected_wedding_guests,He's thinking of referring a friend for the job,0,724
725,story_unexpected_wedding_guests,Have you finished your homework before dinner?,0,725
726,story_unexpected_wedding_guests,Can you afford to buy a house?,0,726
727,story_unexpected_wedding_guests,Does it really matter in the long run?,0,727
728,story_unexpected_wedding_guests,Did they enter the building through the back door?,0,728
729,story_unexpected_wedding_guests,Which movie should we watch?,0,729
730,story_unexpected_wedding_guests,Will the customer recognize me?,0,730
731,story_unexpected_wedding_guests,Did you hear they're closing the shop for renovations?,0,731
732,story_unexpected_wedding_guests,I want to continue my studies abroad,0,732
733,story_unexpected_wedding_guests,She couldn't afford the expensive birthday gift unfortunately,0,733
734,story_unexpected_wedding_guests,These new shoes don't fit my feet properly,0,734
735,story_unexpected_movie_adventure,Show more respect to elders,0,735
736,story_unexpected_movie_adventure,We have to pass this exam to graduate,0,736
737,story_unexpected_movie_adventure,Don't you think this movie is dragging on forever?,0,737
738,story_unexpected_movie_adventure,Don't forget to ring the church bell!,0,738
739,story_unexpected_movie_adventure,He tried to catch the falling plate,0,739
740,story_unexpected_movie_adventure,I want to live a more balanced life,0,740
741,story_unexpected_movie_adventure,I want to produce a documentary film,0,741
742,story_unexpected_movie_adventure,Let's base our decision on the data,0,742
743,story_unexpected_movie_adventure,Don't forget to stamp the letter before mailing it,0,743
744,story_unexpected_movie_adventure,Watch the ball roll down the hill!,0,744
745,story_unexpected_movie_adventure,Did you hear about the new shopping center?,0,745
746,story_unexpected_movie_adventure,Are they fighting for justice in the court?,0,746
747,story_unexpected_movie_adventure,Let's compare the prices of different cars,0,747
748,story_unexpected_movie_adventure,Did you hear they pulled out of the competition?,0,748
749,story_unexpected_movie_adventure,Follow the road until you reach the bridge,0,749
750,story_unexpected_movie_adventure,I suffered a heavy loss at the bank,0,750
751,story_unexpected_movie_adventure,Are you selling your old car soon?,0,751
752,story_unexpected_movie_adventure,I want to marry my longtime girlfriend,0,752
753,story_unexpected_movie_adventure,Do you think we'll achieve financial independence soon?,0,753
754,story_unexpected_coffee_adventure,Can you teach me how to dance?,0,754
755,story_unexpected_coffee_adventure,"Knock before entering, it's common courtesy",0,755
756,story_unexpected_coffee_adventure,The coffee at the national park was excellent,0,756
757,story_unexpected_coffee_adventure,Don't stick your tongue out at your brother!,0,757
758,story_unexpected_coffee_adventure,Drive carefully on the icy roads,0,758
759,story_unexpected_coffee_adventure,Push the red button to start the machine,0,759
760,story_unexpected_coffee_adventure,I'm graduating from university next year,0,760
761,story_unexpected_coffee_adventure,Do you care about the environment?,0,761
762,story_unexpected_coffee_adventure,Have you heard the company suffered significant financial losses?,0,762
763,story_unexpected_coffee_adventure,I want to read more books this year,0,763
764,story_unexpected_coffee_adventure,The show starts in five minutes,0,764
765,story_unexpected_coffee_adventure,Can I share my thoughts on this?,0,765
766,story_unexpected_coffee_adventure,Let's finish our homework before dinner,0,766
767,story_unexpected_coffee_adventure,Cover your face with your hands,0,767
768,story_unexpected_coffee_adventure,Shall we try that restaurant?,0,768
769,story_unexpected_coffee_adventure,Do you think we'll achieve our dreams someday?,0,769
770,story_unexpected_coffee_adventure,Did the ball hit the window by accident?,0,770
771,story_unexpected_coffee_adventure,We brought cake to the party,0,771
772,story_unexpected_coffee_adventure,We're selling our old car soon,0,772
773,story_unexpected_coffee_adventure,Let's think outside the box more often,0,773
774,story_unexpected_coffee_adventure,Do you collect rare coins as a hobby?,0,774
775,story_unexpected_coffee_adventure,He paid a high price for his mistake,0,775
776,story_unexpected_coffee_adventure,I hate the taste of brussels sprouts,0,776
777,story_unexpected_coffee_adventure,Did you hear they set a new record in the race?,0,777
778,story_surprise_hospital_adventure,Did you hear about the assassination attempt on the president?,0,778
779,story_surprise_hospital_adventure,Stop trying to carry the weight of the world,0,779
780,story_surprise_hospital_adventure,Thank goodness nobody was hurt in the accident,0,780
781,story_surprise_hospital_adventure,Did you hurt your leg during the football game?,0,781
782,story_surprise_hospital_adventure,Did you hear his arm was injured during the operation?,0,782
783,story_surprise_hospital_adventure,Did you forget your license again?,0,783
784,story_surprise_hospital_adventure,I opened the letter with shaking hands,0,784
785,story_surprise_hospital_adventure,They're laying the foundation for a new hospital,0,785
786,story_surprise_hospital_adventure,He passed away peacefully in his sleep,0,786
787,story_surprise_hospital_adventure,Please arrive by noon,0,787
788,story_surprise_hospital_adventure,Send the application as soon as possible,0,788
789,story_surprise_hospital_adventure,I want to become a famous actress,0,789
790,story_surprise_hospital_adventure,Let's throw a surprise party for mom!,0,790
791,story_surprise_hospital_adventure,Shall we serve breakfast in bed this Sunday?,0,791
792,story_surprise_hospital_adventure,This shirt doesn't fit me anymore,0,792
793,story_surprise_hospital_adventure,Press the red button to start,0,793
794,story_surprise_hospital_adventure,I'll answer your questions soon,0,794
795,story_surprise_hospital_adventure,The death toll is particularly high this year.,0,795
796,story_unexpected_holiday_adventure,Did they offer you a reasonable salary for the position?,0,796
797,story_unexpected_holiday_adventure,Did you hear they're spending their holiday down south?,0,797
798,story_unexpected_holiday_adventure,I based my argument on scientific facts,0,798
799,story_unexpected_holiday_adventure,I want to enhance my leadership skills,0,799
800,story_unexpected_holiday_adventure,Keep your eyes on the road ahead,0,800
801,story_unexpected_holiday_adventure,Can you explain this chart to me?,0,801
802,story_unexpected_holiday_adventure,I care about the quality of education,0,802
803,story_unexpected_holiday_adventure,Pull the lever to start the machine,0,803
804,story_unexpected_holiday_adventure,Choose your friends wisely,0,804
805,story_unexpected_holiday_adventure,Let's cut unnecessary expenses this year,0,805
806,story_unexpected_holiday_adventure,Let's compare the size of our profits,0,806
807,story_unexpected_holiday_adventure,The level of difficulty is pretty low.,0,807
808,story_unexpected_holiday_adventure,"Keep your promises, it builds trust",0,808
809,story_unexpected_holiday_adventure,They're building a new union headquarters soon,0,809
810,story_unexpected_holiday_adventure,I'll keep bothering you until you agree,0,810
811,story_unexpected_holiday_adventure,We had to put the meeting on hold,0,811
812,story_unexpected_holiday_adventure,Let's base our research on this data,0,812
813,story_unexpected_holiday_adventure,Don't forget to drink more water,0,813
814,story_unexpected_power_outage,"Put the paper on the board, please",0,814
815,story_unexpected_power_outage,I want to produce high-quality content regularly,0,815
816,story_unexpected_power_outage,I drew a picture of the land,0,816
817,story_unexpected_power_outage,"Reduce your speed in this area, please",0,817
818,story_unexpected_power_outage,Clean the floor before the guests arrive,0,818
819,story_unexpected_power_outage,Don't forget to pay the gas bill,0,819
820,story_unexpected_power_outage,Did you forget to pay the electricity bill?,0,820
821,story_unexpected_power_outage,Did she forget to pay for the service?,0,821
822,story_unexpected_power_outage,She tried to lift the heavy box herself,0,822
823,story_unexpected_power_outage,Let's mention this in the meeting,0,823
824,story_unexpected_power_outage,Knock on the door before you enter,0,824
825,story_unexpected_power_outage,Wash your hands before you drink tea,0,825
826,story_unexpected_power_outage,Let's provide more information to the public,0,826
827,story_unexpected_power_outage,Do you train hard to improve your skills?,0,827
828,story_unexpected_power_outage,"Hold on tight, the ride is starting",0,828
829,story_unexpected_power_outage,Stop the production immediately,0,829
830,story_unexpected_power_outage,Let's thank dad for his useful advice,0,830
